{
  "n_runs": 48,
  "n_target_records": 600,
  "n_predicted_records": 536,
  "models": [
    "gpt-4.1-mini",
    "gpt-5-mini"
  ],
  "families": [
    "fixed_load",
    "scaled_load"
  ],
  "target_token_bins": [
    2000,
    6000,
    12000,
    24000
  ],
  "parse_failures": 2,
  "total_prompt_tokens": 534762,
  "total_completion_tokens": 85059,
  "elapsed_seconds_total": 1465.45956492424,
  "omission_rate": {
    "mean": 0.041666666666666664,
    "std": 0.20194093652345885,
    "min": 0.0,
    "max": 1.0
  },
  "hallucination_rate": {
    "mean": 0.0,
    "std": 0.0,
    "min": 0.0,
    "max": 0.0
  },
  "duplicate_rate": {
    "mean": 0.0,
    "std": 0.0,
    "min": 0.0,
    "max": 0.0
  },
  "any_field_error_rate_matched": {
    "mean": 0.004347826086956522,
    "std": 0.020618457094236216,
    "min": 0.0,
    "max": 0.1
  },
  "exact_record_error_rate": {
    "mean": 0.04583333333333334,
    "std": 0.20207259421636903,
    "min": 0.0,
    "max": 1.0
  }
}